{
    "os": "Linux-5.11.0-27-generic-x86_64-with-debian-bullseye-sid",
    "python": "3.7.11",
    "heartbeatAt": "2021-09-06T10:00:11.263415",
    "startedAt": "2021-09-06T09:59:51.715933",
    "docker": null,
    "gpu": "NVIDIA GeForce RTX 3060",
    "gpu_count": 1,
    "cpu_count": 6,
    "cuda": null,
    "args": [
        "-f",
        "/home/indika/.local/share/jupyter/runtime/kernel-6de7aff3-db60-4f16-8cbd-7e382628efa5.json"
    ],
    "state": "running",
    "program": "00.ipynb",
    "root": "/home/indika/Programming/Projects/Python/Artifical-Intelligence/PyTorch/NLP/Language-Detection",
    "host": "programmer-rd-ai",
    "username": "indika",
    "executable": "/home/indika/anaconda3/bin/python"
}
